warehouse_id,region,units_demanded,units_lost_sales,lost_sales_revenue_observed,lost_sales_margin_proxy_observed,excess_inventory_value_proxy_observed,trapped_working_capital_proxy_observed,slow_moving_value_proxy_observed,supplier_delay_impact_proxy_observed,lost_sales_revenue_annualized,lost_sales_margin_proxy_annualized,excess_inventory_value_proxy_annualized,trapped_working_capital_proxy_annualized,slow_moving_value_proxy_annualized,supplier_delay_impact_proxy_annualized,opportunity_margin_recovery_12m_proxy,opportunity_wc_release_12m_proxy,opportunity_total_12m_proxy,stockout_rate,opportunity_share,opportunity_rank,warehouse_name
WH-LIS,Portugal South,3753587,186309,6442201.17,2805063.8,105783378.7920505,107891603.44974406,5430559.76,3918038.2677265885,3216694.1546511627,1400613.2517099862,52819334.1437735,53872004.45849053,2711565.4068399454,1956339.2171275031,490214.63809849514,13468001.114622632,13958215.752721127,0.04963492254209107,0.32617128394532946,1,Lisbon Distribution Center
WH-PORTO,Portugal North,3089046,226428,7795519.38,3435725.65,81847173.1285038,84330822.21222077,7302433.4,4626699.973325925,3892427.597400821,1715512.8074555402,40867603.545696154,42107729.2851718,3646221.8755129958,2310185.349198307,600429.4826094391,10526932.32129295,11127361.803902388,0.07330030048111941,0.26002076130650936,2,Porto Distribution Center
WH-LYON,France South-East,2743607,277649,9493607.56,4182691.4299999997,64769311.75461629,67969690.72605285,9713922.21,5368650.800340809,4740310.204377565,2088484.7769493842,32340354.022482824,33938354.46649698,4850316.835362517,2680653.2723999936,730969.6719322845,8484588.616624245,9215558.28855653,0.10119853171390801,0.2153463259561324,3,Lyon EU Gateway
WH-MAD,Spain Central,3398585,313452,11048379.84,4896454.859999999,58135499.692820795,61181976.228080675,7739677.01,6296593.961181419,5516632.888645691,2444878.2816689466,29027985.482735418,30549139.977085423,3864544.6082763337,3143990.1447759476,855707.3985841313,7637284.994271356,8492992.392855488,0.09223014872365999,0.19846162879202886,4,Madrid Regional Hub
