main_risk_driver,intervention_type,intervention_count,avg_governance_score,total_lost_sales,total_inventory_value,total_expected_value_proxy
Supplier Risk,Supplier Stabilization,107,38.494172590684286,3262195.32,680393417.21,37502051.998371266
Supplier Risk,Monitor,270,19.10882125230134,5503453.66,1653958420.46,34946369.447825894
Supplier Risk,Service Recovery,57,56.04575545465651,11999782.93,352515002.99,8986226.740482375
Service Risk,Service Recovery,10,54.81834762987165,10521055.15,110743482.31,5668715.818840435
Excess Inventory,Monitor,6,23.094059973824102,211.53,93348159.4,4704229.481277339
Stockout Risk,Monitor,26,34.84081517685807,2126791.3,72587798.67,1194014.890031086
Stockout Risk,Service Recovery,3,52.16953339061262,1282615.52,18113166.67,675797.863071579
Service Risk,Monitor,1,43.48013694617275,83602.54000000001,2228261.16,21964.105087811284
