factor,low_setting,high_setting,low_opportunity,high_opportunity,swing
releasable_wc_rate,0.15,0.35,26747405.419311054,58840851.05675999,32093445.637448937
recoverable_margin_rate,0.2,0.5,41646704.87036795,43941551.60570311,2294846.7353351563
slow_moving_incremental_weight,0.3,0.7,42252933.13877984,43335323.33729121,1082390.1985113695
