category,excess_inventory_value_proxy,avg_excess_rate,excess_exposure_proxy
Health,778092809.56,0.22371181030551754,174068551.0123739
Household,569030662.24,0.19890560875512994,113183390.27318193
Pet Care,439615863.26,0.18130414956680344,79704180.22443044
Beverages,294257132.47999996,0.18561331509347923,54618041.849513896
Personal Care,353815871.56,0.11493388052895574,40665431.11112539
Frozen,234868823.78000003,0.15437756497948016,36258477.10475103
Dairy,163074823.54999998,0.13948928408572728,22747190.389395796
Snacks,151131722.43999997,0.06739626082991333,10185712.985240303
