category,avg_inventory_value,total_inventory_value,inventory_share,cumulative_share
Health,17740.374134974918,778092809.56,0.2607647758483057,0.2607647758483057
Household,12973.79530870953,569030662.24,0.19070109794965853,0.4514658737979642
Pet Care,10023.161497036024,439615863.26,0.14732989514088746,0.5987957689388517
Personal Care,8066.937336069312,353815871.56,0.11857546465580311,0.7173712335946548
Beverages,6709.008948472413,294257132.48,0.09861535057277185,0.8159865841674266
Frozen,5354.96634245326,234868823.78,0.0787123533777164,0.8946989375451431
Dairy,3718.0762323301415,163074823.55,0.054651796401465974,0.9493507339466091
Snacks,3445.7757054263566,151131722.44,0.05064926605339102,1.0
