dos_bucket,row_count,row_share,avg_dos_in_bucket
00_<5,62102,0.1769892840857273,1.6871862419889851
01_5_to_10,53534,0.1525706794345645,7.538631337094187
02_10_to_20,94677,0.26982729138166894,14.67714978294625
03_20_to_35,75502,0.21517897856817145,26.38568448517903
04_35_to_50,29331,0.08359268125854993,41.349420749377884
05_50_plus,35734,0.10184108527131783,92.51736917221669
