region,units_demanded,units_fulfilled,units_lost_sales,fill_rate,stockout_rate,stockout_day_rate,lost_sales_revenue,avg_row_fill_rate
Spain Central,3398585.0,3085133.0,313452.0,0.90776985127634,0.09223014872365999,0.07998176014591883,11048379.84,0.9279728868716828
France South-East,2743607.0,2465958.0,277649.0,0.898801468286092,0.10119853171390801,0.08321933424532604,9493607.559999995,0.9251746313974368
Portugal North,3089046.0,2862618.0,226428.0,0.9266996995188805,0.07330030048111941,0.061764705882352944,7795519.380000003,0.9439048544384377
Portugal South,3753587.0,3567278.0,186309.0,0.9503650774579089,0.04963492254209107,0.04387824897400821,6442201.170000007,0.9601662170412019
