category,excess_inventory_day_rate,slow_moving_day_rate,avg_inventory_value,excess_inventory_value_proxy
Household,0.19890560875512997,0.011992704058367533,12973.795308709534,273539116.50999963
Health,0.22371181030551757,0.014637482900136799,17740.374134974914,223061503.1299999
Pet Care,0.18130414956680346,0.01010031919744642,10023.16149703602,124273979.75000006
Personal Care,0.11493388052895577,0.007045143638850889,8066.937336069315,102299330.44999997
Beverages,0.18561331509347925,0.013155494756041951,6709.008948472426,99793814.83999984
Frozen,0.15437756497948016,0.015617875056999544,5354.966342453257,61265407.969999984
Dairy,0.1394892840857273,0.01568627450980392,3718.0762323301346,26934252.36
Snacks,0.06739626082991336,0.013702690378476972,3445.775705426357,22596268.609999996
