warehouse_id,warehouse_name,region,fill_rate,stockout_rate,lost_sales_value,average_days_of_supply,inventory_value,capacity_pressure_proxy,warehouse_service_risk_proxy
WH-LYON,Lyon EU Gateway,France South-East,0.898801468286092,0.101198531713908,9493607.56,24.0121312129503,769727.1441997262,0.0876767063220637,13.64
WH-MAD,Madrid Regional Hub,Spain Central,0.90776985127634,0.0922301487236599,11048379.84,21.311841085271315,930493.0652393982,0.0730729710235045,12.18
WH-PORTO,Porto Distribution Center,Portugal North,0.9266996995188804,0.0733003004811194,7795519.380000001,25.260386000911996,1022868.0657455544,0.0856536348047243,11.9
WH-LIS,Lisbon Distribution Center,Portugal South,0.9503650774579088,0.049634922542091,6442201.17,25.27686741906065,1358837.455143639,0.0847938580988649,10.23
