tradeoff_zone,sku_warehouse_count,avg_fill_rate,avg_stockout_rate,avg_days_of_supply,total_lost_sales_revenue,total_avg_inventory_value
Understocked Revenue Exposure,37,0.8235411135629889,0.17645888643701113,5.992367360520576,16628817.850000001,321446.5570998632
Transitional / Monitor,201,0.900319569302349,0.09968043069765105,17.125783599104338,16496119.45,1500112.0627633377
Balanced Efficient,187,0.98829438127916,0.01170561872083983,21.689683972581694,1421237.85,1489231.329370725
Overstocked and Under-Serving,16,0.9265091646524671,0.07349083534753283,59.372204172366615,134281.12000000002,84917.09987688098
Service Protected but Capital Heavy,39,0.9893098445373182,0.010690155462681736,72.65181591778035,99251.68000000002,686218.6812175104
